id,nom,controller_id,created_at,updated_at
1,showConfirmForm,1,"2024-03-25 13:37:24","2024-03-25 13:37:24"
2,confirm,1,"2024-03-25 13:37:24","2024-03-25 13:37:24"
3,redirectPath,1,"2024-03-25 13:37:24","2024-03-25 13:37:24"
4,showLinkRequestForm,2,"2024-03-25 13:37:24","2024-03-25 13:37:24"
5,sendResetLinkEmail,2,"2024-03-25 13:37:24","2024-03-25 13:37:24"
6,broker,2,"2024-03-25 13:37:24","2024-03-25 13:37:24"
7,showLoginForm,3,"2024-03-25 13:37:24","2024-03-25 13:37:24"
8,login,3,"2024-03-25 13:37:24","2024-03-25 13:37:24"
9,username,3,"2024-03-25 13:37:24","2024-03-25 13:37:24"
10,logout,3,"2024-03-25 13:37:24","2024-03-25 13:37:24"
11,redirectPath,3,"2024-03-25 13:37:24","2024-03-25 13:37:24"
12,maxAttempts,3,"2024-03-25 13:37:24","2024-03-25 13:37:24"
13,decayMinutes,3,"2024-03-25 13:37:24","2024-03-25 13:37:24"
14,showResetForm,4,"2024-03-25 13:37:24","2024-03-25 13:37:24"
15,reset,4,"2024-03-25 13:37:24","2024-03-25 13:37:24"
16,broker,4,"2024-03-25 13:37:24","2024-03-25 13:37:24"
17,redirectPath,4,"2024-03-25 13:37:24","2024-03-25 13:37:24"
18,show,5,"2024-03-25 13:37:24","2024-03-25 13:37:24"
19,verify,5,"2024-03-25 13:37:24","2024-03-25 13:37:24"
20,resend,5,"2024-03-25 13:37:24","2024-03-25 13:37:24"
21,redirectPath,5,"2024-03-25 13:37:24","2024-03-25 13:37:24"
22,index,6,"2024-03-25 13:37:24","2024-03-25 13:37:24"
23,show,6,"2024-03-25 13:37:24","2024-03-25 13:37:24"
24,create,6,"2024-03-25 13:37:24","2024-03-25 13:37:24"
25,store,6,"2024-03-25 13:37:24","2024-03-25 13:37:24"
26,edit,6,"2024-03-25 13:37:24","2024-03-25 13:37:24"
27,update,6,"2024-03-25 13:37:24","2024-03-25 13:37:24"
28,destroy,6,"2024-03-25 13:37:24","2024-03-25 13:37:24"
29,SyncControllersActions,6,"2024-03-25 13:37:24","2024-03-25 13:37:24"
30,index,7,"2024-03-25 13:37:24","2024-03-25 13:37:24"
31,create,7,"2024-03-25 13:37:24","2024-03-25 13:37:24"
32,store,7,"2024-03-25 13:37:24","2024-03-25 13:37:24"
33,edit,7,"2024-03-25 13:37:24","2024-03-25 13:37:24"
34,update,7,"2024-03-25 13:37:24","2024-03-25 13:37:24"
35,destroy,7,"2024-03-25 13:37:24","2024-03-25 13:37:24"
36,downloadSeeder,7,"2024-03-25 13:37:24","2024-03-25 13:37:24"
37,authorize,8,"2024-03-25 13:37:24","2024-03-25 13:37:24"
38,authorizeForUser,8,"2024-03-25 13:37:24","2024-03-25 13:37:24"
39,authorizeResource,8,"2024-03-25 13:37:24","2024-03-25 13:37:24"
40,validateWith,8,"2024-03-25 13:37:24","2024-03-25 13:37:24"
41,validate,8,"2024-03-25 13:37:24","2024-03-25 13:37:24"
42,validateWithBag,8,"2024-03-25 13:37:24","2024-03-25 13:37:24"
43,index,9,"2024-03-25 13:37:24","2024-03-25 13:37:24"
44,show,9,"2024-03-25 13:37:24","2024-03-25 13:37:24"
45,detail,9,"2024-03-25 13:37:24","2024-03-25 13:37:24"
46,create,9,"2024-03-25 13:37:24","2024-03-25 13:37:24"
47,store,9,"2024-03-25 13:37:24","2024-03-25 13:37:24"
48,edit,9,"2024-03-25 13:37:24","2024-03-25 13:37:24"
49,update,9,"2024-03-25 13:37:24","2024-03-25 13:37:24"
50,destroy,9,"2024-03-25 13:37:24","2024-03-25 13:37:24"
51,export,9,"2024-03-25 13:37:24","2024-03-25 13:37:24"
52,import,9,"2024-03-25 13:37:24","2024-03-25 13:37:24"
53,index,11,"2024-03-25 13:37:24","2024-03-25 13:37:24"
